22038615	0.98
12545825	0.97
10741073	0.99
10343885	0.97
10144200	0.98
6996437	0.98
6332195	0.98
4303955	0.97
3856916	0.99
3872477	0.96
3978265	0.93
3430996	0.97
3281454	0.98
3081151	0.92
2909254	0.94
2683014	0.99
2485306	0.99
2573587	0.95
1915138	0.95
1885366	0.96
1865580	0.96
1767638	0.98
1776767	0.97
1820935	0.94
1801708	0.95
1635914	0.99
1712406	0.94
1638830	0.98
1619007	0.97
1490548	0.96
1484869	0.91
1379320	0.97
1296879	0.98
1181023	0.94
1151045	0.93
1083029	0.97
1022775	0.98
1018283	0.97
992596	0.94
933542	0.97
925515	0.97
969591	0.91
892102	0.98
919821	0.93
857168	0.98
874406	0.96
892535	0.93
824568	0.97
829018	0.95
795534	0.95
768232	0.98
764657	0.98
784528	0.96
769254	0.96
756550	0.95
772787	0.91
678626	0.98
685982	0.96
677870	0.97
674193	0.98
709623	0.92
691468	0.95
670745	0.97
678603	0.96
668172	0.97
677711	0.94
663645	0.96
677707	0.92
659622	0.94
628254	0.95
617932	0.96
605997	0.94
579757	0.97
568850	0.96
547799	0.97
538893	0.97
543977	0.95
539719	0.96
525107	0.97
511027	0.99
517536	0.97
513864	0.95
514972	0.95
470401	0.98
491707	0.93
463566	0.98
464606	0.96
435993	0.97
438539	0.96
432773	0.97
420170	0.97
420781	0.96
402222	0.98
409760	0.95
395203	0.98
412315	0.93
400724	0.94
384503	0.98
385348	0.97
411776	0.91
379574	0.98
378007	0.97
388155	0.94
369553	0.98
391821	0.92
397950	0.89
361067	0.98
367844	0.94
348100	0.98
353973	0.96
341422	0.98
340921	0.98
351088	0.95
333085	0.98
333849	0.97
333433	0.93
318210	0.98
329409	0.94
324569	0.95
311902	0.98
310265	0.98
308050	0.97
303506	0.97
300349	0.98
304183	0.95
296953	0.97
294023	0.96
285035	0.98
281483	0.98
289843	0.95
284632	0.96
276744	0.98
280396	0.96
275214	0.95
266744	0.98
268219	0.97
272193	0.94
262584	0.96
259102	0.97
264158	0.94
255936	0.96
263414	0.91
254910	0.94
246360	0.96
240646	0.98
244507	0.97
243267	0.97
240452	0.98
242443	0.96
240482	0.96
237480	0.96
236577	0.96
234555	0.97
242198	0.93
236980	0.95
231760	0.96
255047	0.88
235442	0.95
240300	0.93
225005	0.97
222836	0.98
227169	0.96
229435	0.93
218617	0.98
219627	0.97
223138	0.95
216082	0.98
229429	0.92
213744	0.98
221392	0.94
217728	0.96
212739	0.97
213952	0.96
225247	0.91
209059	0.98
214968	0.95
208037	0.98
207861	0.98
208550	0.97
204379	0.98
202427	0.98
208260	0.95
207065	0.95
206895	0.94
197266	0.97
200773	0.95
197086	0.96
199268	0.95
203345	0.93
194427	0.96
200175	0.94
196522	0.95
205250	0.90
195985	0.93
196070	0.93
191893	0.95
192070	0.95
190729	0.95
187533	0.97
188328	0.96
191314	0.94
187325	0.96
185463	0.97
186005	0.96
183854	0.95
179474	0.97
179388	0.97
182341	0.95
184511	0.93
176144	0.98
188555	0.91
177481	0.97
178397	0.96
177368	0.97
183724	0.93
174366	0.98
182714	0.93
176306	0.96
172448	0.98
172769	0.98
175611	0.96
177317	0.93
176895	0.93
171043	0.96
170527	0.96
164766	0.98
167666	0.96
172472	0.92
161824	0.98
169407	0.93
165812	0.95
166359	0.95
164794	0.95
163582	0.96
160011	0.98
164401	0.95
162685	0.96
162411	0.96
169570	0.92
163259	0.95
174069	0.88
154013	0.98
169150	0.89
154743	0.96
152891	0.97
152182	0.97
154468	0.95
156417	0.94
152559	0.96
155032	0.95
150646	0.97
160131	0.91
148621	0.98
150718	0.96
149050	0.97
146338	0.97
149658	0.94
149251	0.94
157364	0.89
142289	0.98
141264	0.98
142007	0.97
150879	0.91
146122	0.94
143766	0.96
142697	0.96
144194	0.95
145051	0.93
147185	0.92
144713	0.93
140819	0.96
141357	0.95
138955	0.96
146311	0.92
140731	0.95
135484	0.98
135986	0.98
144437	0.92
134104	0.98
138192	0.94
135774	0.96
140937	0.92
134910	0.96
134102	0.97
142282	0.91
134731	0.95
133133	0.96
133706	0.95
128737	0.98
133571	0.94
132684	0.95
127907	0.98
133563	0.93
126029	0.98
127369	0.97
126495	0.98
133057	0.93
126029	0.98
127139	0.97
125571	0.97
126203	0.97
126760	0.96
123961	0.98
134203	0.90
124346	0.97
124187	0.97
123183	0.98
131489	0.92
126660	0.95
124850	0.96
124039	0.97
122140	0.98
126428	0.95
125165	0.96
127331	0.94
126717	0.94
125252	0.95
126278	0.94
122691	0.97
132899	0.89
121354	0.97
121921	0.96
125006	0.94
124976	0.94
119186	0.98
119425	0.97
122789	0.94
119610	0.97
117700	0.98
121481	0.94
127291	0.89
120292	0.94
119419	0.95
119825	0.95
115220	0.98
117358	0.96
115771	0.97
114094	0.97
121704	0.91
114892	0.97
117842	0.94
114791	0.97
114569	0.97
124993	0.88
117762	0.94
113650	0.97
117851	0.93
116186	0.94
119125	0.92
117804	0.93
114904	0.95
112962	0.96
114599	0.93
110020	0.97
116277	0.92
111857	0.94
112426	0.94
114002	0.92
113787	0.92
106863	0.97
108990	0.95
111478	0.93
114802	0.90
110409	0.93
110409	0.93
108171	0.95
107728	0.96
107448	0.96
109720	0.94
109288	0.94
105932	0.96
116100	0.88
108005	0.95
106473	0.96
105880	0.96
106361	0.95
113731	0.89
105559	0.96
107925	0.93
106879	0.94
107285	0.94
103621	0.97
107447	0.93
108421	0.92
105984	0.94
103171	0.97
103402	0.96
104122	0.95
107601	0.92
103591	0.95
103681	0.95
107341	0.91
102657	0.95
103650	0.94
101987	0.96
100671	0.97
105155	0.92
101105	0.95
99754	0.96
101224	0.94
102463	0.93
99660	0.95
100435	0.94
98376	0.96
96613	0.97
95566	0.98
97937	0.95
95896	0.97
96651	0.96
96933	0.96
96908	0.95
103613	0.89
97212	0.95
95824	0.96
96012	0.95
97038	0.94
96620	0.95
93222	0.98
96224	0.95
95608	0.95
98106	0.93
95047	0.93
92375	0.96
92970	0.95
92660	0.95
90571	0.97
91319	0.96
95216	0.92
96564	0.90
103389	0.84
92643	0.93
91323	0.94
90301	0.94
87036	0.98
88862	0.96
87060	0.98
88697	0.95
86421	0.98
86817	0.97
87243	0.96
87876	0.95
86184	0.97
88930	0.94
87865	0.95
87487	0.95
84845	0.98
89280	0.93
84926	0.97
91995	0.90
85256	0.97
88138	0.93
88666	0.92
83895	0.98
90392	0.91
86473	0.95
85759	0.95
84035	0.97
87224	0.94
83677	0.98
85084	0.96
84536	0.96
86231	0.94
86828	0.94
85438	0.95
87427	0.93
89379	0.90
83601	0.96
83756	0.96
85880	0.93
82808	0.96
81951	0.97
87243	0.91
81812	0.97
82090	0.97
85152	0.93
84443	0.94
83174	0.95
82930	0.95
83773	0.94
82429	0.95
80797	0.97
80895	0.97
81385	0.96
79087	0.98
84835	0.92
81338	0.96
84549	0.92
79513	0.97
79821	0.97
80987	0.95
80476	0.96
84865	0.91
79299	0.97
81826	0.94
79310	0.97
78334	0.98
82911	0.92
88574	0.86
80250	0.95
82942	0.92
81610	0.93
78487	0.97
80009	0.95
77547	0.97
82973	0.91
80609	0.93
83743	0.89
81192	0.92
77116	0.97
80713	0.92
79813	0.93
75605	0.98
77124	0.96
81358	0.91
76753	0.96
76304	0.96
77509	0.94
77197	0.95
77921	0.94
75383	0.97
75298	0.97
75395	0.96
74713	0.97
78493	0.92
76544	0.94
75559	0.95
79026	0.91
74914	0.96
73842	0.97
74534	0.96
74559	0.96
74871	0.96
75932	0.94
73099	0.97
75446	0.94
73999	0.95
75887	0.93
77980	0.90
73695	0.95
75228	0.93
74877	0.93
74112	0.94
74169	0.94
73505	0.95
73063	0.95
72668	0.95
74386	0.93
70930	0.97
72603	0.95
71602	0.96
73512	0.94
73055	0.94
74858	0.92
69493	0.98
71645	0.95
72216	0.94
71093	0.96
71599	0.95
69497	0.97
76594	0.88
69387	0.97
69966	0.96
69229	0.97
68662	0.98
73745	0.91
68901	0.97
69750	0.96
70685	0.94
71377	0.93
70883	0.94
69446	0.95
71390	0.93
72217	0.91
69962	0.94
70051	0.94
69870	0.94
69387	0.94
67228	0.97
68046	0.96
67495	0.96
67917	0.96
67218	0.97
69431	0.93
66712	0.97
67037	0.97
69565	0.93
68214	0.94
66232	0.97
67881	0.94
67399	0.95
68481	0.93
65271	0.97
65198	0.97
66724	0.95
71611	0.88
66630	0.94
66862	0.94
66217	0.94
64860	0.96
67278	0.93
64348	0.97
64531	0.97
69564	0.89
66194	0.94
62980	0.98
65667	0.94
65360	0.94
68303	0.90
63947	0.96
64984	0.94
63168	0.96
67128	0.91
65243	0.93
62682	0.97
63406	0.95
64139	0.94
64534	0.93
64012	0.94
62503	0.96
62154	0.96
61732	0.97
61266	0.97
63187	0.94
63476	0.93
63002	0.94
62422	0.95
62962	0.94
60451	0.98
60369	0.98
63489	0.93
60487	0.97
60927	0.96
60072	0.97
61062	0.95
60424	0.96
62071	0.93
60630	0.96
60126	0.96
62841	0.92
62458	0.92
64172	0.90
62440	0.92
62999	0.91
61219	0.93
59543	0.96
60990	0.93
59424	0.96
58669	0.97
59466	0.96
60884	0.93
58307	0.97
60432	0.94
61252	0.92
59386	0.95
58020	0.97
58988	0.95
59542	0.94
59701	0.94
58274	0.96
60442	0.93
58914	0.95
58992	0.94
59716	0.93
59739	0.93
58169	0.95
59006	0.94
58436	0.95
58495	0.94
59432	0.93
61397	0.90
57617	0.96
57248	0.96
56714	0.97
62625	0.88
57462	0.96
59909	0.92
56886	0.96
57784	0.95
57743	0.95
56454	0.97
56588	0.96
58728	0.93
56022	0.97
60304	0.90
56483	0.96
58300	0.93
56915	0.95
58744	0.92
57177	0.94
57540	0.94
56448	0.95
55829	0.96
56351	0.95
57033	0.94
56954	0.94
56103	0.95
57929	0.92
56978	0.94
54602	0.98
55992	0.95
56147	0.95
57029	0.93
56828	0.94
57025	0.93
55174	0.96
55608	0.95
54869	0.96
56201	0.94
55937	0.94
54479	0.96
54010	0.97
55719	0.94
55940	0.93
53820	0.97
54372	0.96
55526	0.94
54838	0.95
55203	0.94
54549	0.95
58947	0.88
55901	0.92
54601	0.95
55799	0.92
53663	0.96
53477	0.96
56342	0.91
55111	0.93
53542	0.95
53127	0.96
57612	0.89
53727	0.95
54871	0.93
53038	0.95
53010	0.95
52067	0.97
52011	0.97
54353	0.92
52005	0.96
51248	0.97
54305	0.91
52101	0.95
51526	0.96
52501	0.94
50871	0.97
57039	0.87
53390	0.92
50742	0.97
51669	0.95
52685	0.93
50649	0.97
53980	0.91
51657	0.95
51868	0.95
52347	0.94
53859	0.91
50285	0.97
52768	0.93
51798	0.94
50833	0.96
50045	0.98
51509	0.95
50678	0.96
54738	0.89
50583	0.96
52224	0.93
50773	0.96
49952	0.97
49969	0.97
50793	0.95
53398	0.90
53484	0.90
50479	0.95
49916	0.96
52130	0.92
49208	0.98
51211	0.94
50200	0.96
50541	0.95
51013	0.94
53633	0.89
50329	0.95
49944	0.95
51476	0.93
50177	0.95
50042	0.95
53215	0.89
49530	0.96
50904	0.93
49759	0.95
50612	0.94
50875	0.93
50898	0.93
52915	0.89
50914	0.93
49673	0.95
49667	0.95
49438	0.95
49997	0.93
50385	0.93
49696	0.94
48975	0.95
51322	0.91
51147	0.91
51451	0.90
49358	0.94
49657	0.93
47349	0.98
49876	0.93
49011	0.94
47533	0.97
47503	0.97
46628	0.98
47435	0.97
53840	0.85
48594	0.94
47375	0.97
47827	0.95
47877	0.95
47853	0.95
49659	0.92
49764	0.91
51192	0.88
49686	0.91
47661	0.95
50431	0.90
48183	0.94
54765	0.82
46575	0.97
47276	0.95
47803	0.94
48010	0.93
46346	0.97
54697	0.82
48094	0.93
47309	0.94
46525	0.96
48605	0.92
47086	0.95
45596	0.98
45648	0.98
46827	0.95
50335	0.88
47305	0.94
46299	0.96
47622	0.93
47977	0.93
49126	0.90
45469	0.97
45912	0.96
46852	0.94
46184	0.95
44931	0.97
45155	0.97
45352	0.96
47134	0.93
47299	0.92
45760	0.95
47807	0.91
47477	0.91
47565	0.91
45684	0.95
46777	0.92
44934	0.96
48567	0.89
48046	0.90
47338	0.91
45121	0.96
44897	0.96
44304	0.97
46632	0.92
43997	0.98
45225	0.95
45946	0.94
44378	0.97
45571	0.94
45591	0.94
44259	0.97
44720	0.96
44683	0.96
46187	0.93
43721	0.98
43568	0.98
45311	0.94
44020	0.97
45122	0.94
44820	0.95
46425	0.91
44649	0.95
44646	0.95
43589	0.97
43707	0.97
45726	0.92
44673	0.94
43531	0.97
43605	0.96
44130	0.95
44404	0.95
44831	0.94
45921	0.91
44792	0.93
44489	0.94
43898	0.95
43359	0.96
44085	0.95
44704	0.93
46905	0.88
43156	0.96
42941	0.96
45112	0.92
42978	0.96
42890	0.96
43487	0.95
47549	0.87
42582	0.96
43512	0.94
44951	0.91
42826	0.95
43143	0.95
43401	0.94
43267	0.94
45553	0.90
43782	0.93
42139	0.96
42941	0.94
43493	0.93
42353	0.95
42399	0.95
43681	0.92
43538	0.92
42605	0.94
41280	0.97
43158	0.93
42824	0.93
45673	0.87
42542	0.94
42273	0.94
41658	0.95
41771	0.95
41154	0.96
41350	0.96
42391	0.93
41662	0.95
43938	0.90
41233	0.96
45160	0.87
41373	0.95
41594	0.95
40536	0.97
43256	0.91
41488	0.95
42291	0.93
41218	0.95
43638	0.90
41758	0.94
41667	0.94
41915	0.93
41919	0.93
43382	0.90
40489	0.97
43251	0.90
41484	0.94
42052	0.93
40264	0.97
40423	0.96
40881	0.95
41496	0.93
40856	0.95
40643	0.95
41087	0.94
39959	0.97
40889	0.94
40705	0.95
40210	0.96
41326	0.93
39815	0.97
41558	0.93
39967	0.96
40126	0.96
39559	0.97
40960	0.94
42325	0.90
42397	0.90
39666	0.96
39659	0.96
40776	0.93
40170	0.95
40380	0.94
38857	0.98
42843	0.89
42153	0.90
40402	0.94
39516	0.96
39613	0.96
39853	0.95
40052	0.94
40027	0.94
39051	0.97
40214	0.94
40180	0.94
38750	0.97
42667	0.88
39418	0.95
41639	0.90
39197	0.96
39642	0.95
39552	0.95
40687	0.92
39160	0.96
41865	0.89
38843	0.96
40007	0.93
40363	0.92
38822	0.96
38517	0.96
39600	0.94
38575	0.96
39367	0.94
40084	0.92
39341	0.94
40397	0.91
37950	0.97
39893	0.92
38265	0.96
39492	0.93
38407	0.96
38194	0.96
39633	0.93
39705	0.92
38323	0.96
40608	0.90
39774	0.92
39407	0.93
38644	0.95
40336	0.91
38397	0.95
40716	0.90
39356	0.93
40545	0.90
39253	0.93
38268	0.95
38474	0.94
38798	0.93
38295	0.94
38810	0.93
39616	0.91
40842	0.88
38800	0.93
38910	0.92
38431	0.93
38372	0.93
39209	0.91
37540	0.95
39310	0.91
37742	0.95
39332	0.91
38079	0.94
37505	0.95
39165	0.91
37532	0.95
39264	0.91
37700	0.94
36547	0.97
38141	0.93
37443	0.95
40200	0.88
37230	0.95
36878	0.96
37522	0.94
36247	0.97
37022	0.95
37084	0.95
41473	0.85
37959	0.92
39294	0.89
36786	0.95
37473	0.93
40348	0.86
36227	0.96
35940	0.97
37156	0.94
36137	0.96
39464	0.88
37389	0.93
39143	0.89
35746	0.97
37228	0.93
36421	0.95
36408	0.95
36758	0.94
35359	0.98
37363	0.92
35352	0.97
35143	0.97
36598	0.93
35960	0.95
36478	0.94
36056	0.95
36319	0.93
35217	0.96
35474	0.95
34982	0.96
36000	0.94
34675	0.97
35504	0.95
35459	0.95
35434	0.95
41462	0.81
35314	0.95
35974	0.93
34534	0.97
35016	0.96
35429	0.94
35230	0.95
36381	0.92
36809	0.91
36103	0.92
35310	0.94
35898	0.93
35464	0.94
35062	0.95
34941	0.95
36963	0.89
35636	0.93
34301	0.96
34577	0.95
34835	0.94
34501	0.95
34578	0.95
35824	0.92
35496	0.93
34331	0.96
34442	0.95
34456	0.95
39266	0.83
34188	0.96
35851	0.91
34691	0.94
34368	0.95
34104	0.96
36001	0.91
34925	0.93
34090	0.96
34445	0.94
35804	0.91
33067	0.98
33788	0.96
34788	0.93
33238	0.97
33019	0.98
35141	0.92
34174	0.94
36740	0.88
33900	0.95
34280	0.94
35166	0.92
35040	0.92
35437	0.91
34400	0.93
34317	0.94
35944	0.89
34027	0.94
33151	0.97
33456	0.96
32967	0.97
35842	0.89
34909	0.91
33305	0.96
33046	0.96
35826	0.89
34737	0.92
34709	0.92
33380	0.95
32550	0.98
35224	0.90
34242	0.93
34801	0.91
32944	0.96
33428	0.95
33849	0.94
34264	0.92
34742	0.91
33410	0.94
34710	0.91
32942	0.96
34009	0.92
32688	0.96
32929	0.95
33348	0.94
33394	0.94
32560	0.96
32180	0.97
32659	0.95
32852	0.95
33344	0.93
33202	0.94
34451	0.90
33239	0.93
32432	0.96
32466	0.95
32475	0.95
32928	0.94
32252	0.96
31989	0.96
31866	0.97
31467	0.98
33191	0.93
34557	0.89
31807	0.96
34270	0.89
32924	0.93
32813	0.93
32919	0.93
32259	0.94
33958	0.90
31755	0.96
31838	0.96
32302	0.94
33053	0.92
32358	0.94
33511	0.91
31265	0.97
32334	0.94
32588	0.93
32052	0.94
32531	0.93
33403	0.90
34375	0.88
32087	0.94
33000	0.91
31345	0.96
31633	0.95
31944	0.94
32322	0.93
31612	0.95
32157	0.93
31686	0.95
32079	0.93
32078	0.93
32646	0.92
32087	0.93
31380	0.95
31801	0.93
30634	0.97
31536	0.94
31058	0.95
31322	0.94
32784	0.90
31005	0.95
32110	0.92
31227	0.95
30741	0.96
36193	0.82
30173	0.98
32145	0.91
31592	0.93
31577	0.93
31325	0.94
30758	0.95
30667	0.95
31836	0.92
31098	0.94
30733	0.95
30800	0.95
31494	0.92
30291	0.96
31289	0.93
31247	0.93
30199	0.96
31455	0.92
30624	0.95
31044	0.93
31327	0.92
30396	0.95
31442	0.92
31610	0.91
30906	0.93
30542	0.94
30726	0.94
30947	0.93
31012	0.93
29635	0.97
29769	0.96
30490	0.94
29769	0.96
31299	0.91
30993	0.92
29155	0.98
29866	0.96
30248	0.94
30476	0.94
30159	0.94
30996	0.92
30519	0.93
30416	0.93
29169	0.97
32316	0.88
30752	0.92
30286	0.93
29473	0.96
29421	0.96
30737	0.92
29535	0.95
30715	0.91
30107	0.93
31319	0.89
29717	0.94
29496	0.95
29340	0.95
29108	0.96
29731	0.94
30047	0.93
29560	0.94
29946	0.93
30377	0.92
29780	0.93
29345	0.95
29328	0.95
32436	0.86
30090	0.92
29756	0.93
28826	0.96
29336	0.94
28827	0.96
28494	0.97
28946	0.95
29771	0.93
29579	0.93
29554	0.93
31163	0.88
29210	0.94
28178	0.97
28623	0.96
28710	0.95
28862	0.95
29679	0.92
28736	0.95
30645	0.89
28836	0.95
27908	0.98
28722	0.95
30098	0.91
29828	0.91
28344	0.96
29597	0.92
28589	0.95
28698	0.94
27950	0.97
30011	0.90
27682	0.98
29354	0.92
28636	0.94
28752	0.93
28504	0.94
27659	0.97
28901	0.93
27875	0.96
28609	0.94
29690	0.90
28023	0.95
27687	0.97
30406	0.88
28244	0.94
28600	0.93
29460	0.90
29515	0.90
27205	0.97
28234	0.94
28471	0.93
27590	0.96
28046	0.94
27712	0.95
27569	0.96
27432	0.96
27449	0.96
27007	0.97
29044	0.90
27244	0.96
27266	0.96
28560	0.92
28551	0.92
27970	0.94
27023	0.97
27917	0.94
28612	0.91
28844	0.91
29170	0.90
28704	0.91
28335	0.92
27050	0.96
28220	0.92
28141	0.93
27734	0.94
28278	0.92
28194	0.92
28331	0.92
29437	0.88
27740	0.93
27524	0.94
28387	0.91
28170	0.92
26587	0.97
26943	0.96
27952	0.92
27755	0.93
26844	0.96
26717	0.96
27727	0.93
27125	0.95
26907	0.96
28026	0.92
27191	0.94
27494	0.93
26675	0.96
26513	0.97
26887	0.95
26771	0.96
26450	0.97
27066	0.95
28324	0.90
26858	0.95
27254	0.94
27114	0.94
29474	0.86
27555	0.92
26177	0.97
27725	0.91
26552	0.95
26432	0.96
26646	0.95
26945	0.94
27258	0.92
27178	0.92
29113	0.86
26697	0.94
27659	0.91
26080	0.96
26815	0.93
28698	0.87
26463	0.94
27033	0.92
27100	0.92
26732	0.93
26669	0.93
25720	0.97
25503	0.97
25497	0.97
25699	0.97
26373	0.94
28011	0.88
26282	0.94
26507	0.93
25969	0.95
26456	0.93
26568	0.93
26570	0.93
26682	0.92
26765	0.92
26279	0.94
27768	0.89
28991	0.85
25207	0.97
28869	0.85
25850	0.95
27278	0.90
25170	0.97
25525	0.96
26980	0.91
26396	0.93
27219	0.90
26476	0.92
26422	0.92
25436	0.96
28216	0.86
25000	0.97
26983	0.90
26009	0.94
25390	0.96
26847	0.90
26643	0.91
27266	0.89
25511	0.95
25781	0.94
25405	0.95
25492	0.94
28246	0.85
26951	0.89
26008	0.92
27531	0.87
25218	0.95
25377	0.95
26500	0.91
25179	0.95
25064	0.96
25289	0.95
24631	0.97
25934	0.92
25912	0.92
25642	0.93
25730	0.93
25073	0.95
24515	0.97
26237	0.91
24920	0.96
24842	0.96
25327	0.94
24351	0.98
24848	0.96
24515	0.97
27087	0.87
24408	0.97
26039	0.91
25103	0.94
26043	0.90
26215	0.90
24735	0.95
24918	0.94
24645	0.95
25720	0.91
24402	0.96
24653	0.95
24311	0.96
24826	0.94
24325	0.96
24765	0.94
23990	0.97
25436	0.92
24370	0.95
25735	0.90
25716	0.90
26896	0.86
24155	0.96
24563	0.94
25304	0.92
24592	0.94
24921	0.93
23793	0.97
24995	0.92
24716	0.93
24873	0.93
24071	0.96
24184	0.95
24748	0.93
25271	0.91
23554	0.97
23971	0.95
24465	0.93
23929	0.95
24534	0.93
24447	0.93
24773	0.92
23666	0.96
24006	0.95
24010	0.95
23244	0.97
25241	0.90
24313	0.93
23750	0.95
26254	0.86
24134	0.93
23994	0.94
26318	0.85
23935	0.94
23274	0.96
23783	0.94
27283	0.82
24038	0.93
23934	0.94
24044	0.93
23298	0.96
23809	0.94
23739	0.94
25190	0.89
23211	0.96
23346	0.96
24367	0.92
23843	0.94
23301	0.96
23617	0.94
23227	0.96
24711	0.90
23417	0.94
24946	0.89
23317	0.95
24844	0.89
23902	0.92
23954	0.92
23389	0.94
23621	0.93
23744	0.93
25250	0.87
23919	0.92
23889	0.92
23650	0.93
23529	0.93
23220	0.94
25282	0.87
23527	0.93
23005	0.95
23866	0.92
24310	0.90
23567	0.93
23159	0.94
23744	0.92
24538	0.89
22621	0.97
22673	0.96
23751	0.92
22391	0.97
23868	0.91
22158	0.98
22622	0.96
22837	0.95
22713	0.96
23691	0.92
22233	0.98
22529	0.96
24064	0.90
23450	0.92
22352	0.97
23106	0.93
23831	0.91
22942	0.94
22586	0.95
24057	0.89
22773	0.94
23152	0.93
23904	0.90
22190	0.97
23580	0.91
23194	0.92
23111	0.93
22275	0.96
24009	0.89
22830	0.94
23307	0.92
22029	0.97
24668	0.87
22878	0.93
22301	0.96
22243	0.96
22880	0.93
23167	0.92
22929	0.93
22758	0.93
22100	0.96
22722	0.93
24387	0.87
21856	0.97
22642	0.93
21970	0.96
24243	0.87
22016	0.96
23365	0.90
23182	0.91
23030	0.91
22392	0.94
22015	0.95
22267	0.94
22389	0.94
24072	0.87
22362	0.94
25446	0.82
22022	0.95
21983	0.95
22494	0.93
22562	0.93
22380	0.93
21939	0.95
23455	0.89
21333	0.98
23061	0.90
22401	0.93
21521	0.97
21706	0.96
22452	0.93
23034	0.90
22075	0.94
22803	0.91
21370	0.97
22247	0.93
22662	0.91
21799	0.95
21714	0.95
21723	0.95
22479	0.92
21695	0.95
21219	0.97
21873	0.94
22097	0.93
21323	0.96
22445	0.92
21236	0.97
21843	0.94
22675	0.90
21146	0.97
21665	0.95
22288	0.92
21497	0.95
21707	0.94
21052	0.97
21766	0.94
23265	0.88
22467	0.91
22213	0.92
21771	0.94
21691	0.94
21663	0.94
20953	0.97
21894	0.93
21490	0.95
22324	0.91
21636	0.94
21101	0.96
22410	0.91
20961	0.97
21754	0.93
21485	0.94
21238	0.95
21413	0.95
20964	0.97
22398	0.90
21556	0.94
21560	0.94
21296	0.95
21931	0.92
21801	0.93
21018	0.96
20946	0.96
20576	0.98
21350	0.94
21800	0.92
22508	0.89
20943	0.96
21932	0.92
21343	0.94
21715	0.93
21060	0.95
20796	0.96
21436	0.93
21678	0.92
22025	0.91
22632	0.88
21335	0.94
21813	0.92
21821	0.91
21617	0.92
20774	0.96
21938	0.91
20550	0.97
21556	0.92
20806	0.95
21321	0.93
21569	0.92
20757	0.95
22004	0.90
20767	0.95
21362	0.92
20832	0.95
20906	0.94
22721	0.87
21064	0.93
20510	0.96
20534	0.96
20320	0.97
20204	0.97
20787	0.94
21552	0.91
21341	0.92
20866	0.94
20310	0.96
21727	0.90
22085	0.88
20642	0.95
20841	0.94
20404	0.96
21581	0.91
20472	0.95
21330	0.91
20510	0.95
20897	0.93
20453	0.95
21175	0.92
20917	0.93
21486	0.90
20192	0.96
19996	0.97
20387	0.95
21135	0.92
20912	0.92
21102	0.92
19926	0.97
20673	0.93
20646	0.93
20310	0.95
21011	0.92
20235	0.95
20360	0.95
20296	0.95
20136	0.96
21233	0.91
20774	0.92
20271	0.95
20399	0.94
20100	0.95
20916	0.91
21448	0.89
20118	0.95
20613	0.93
20196	0.94
19798	0.96
20474	0.93
21141	0.90
20955	0.91
19727	0.96
20979	0.91
20117	0.94
20345	0.93
22038	0.86
19688	0.96
19564	0.97
19633	0.96
20026	0.94
20096	0.94
20508	0.92
20802	0.91
19493	0.97
20681	0.91
20164	0.94
20092	0.94
19900	0.95
20012	0.94
19818	0.95
21169	0.89
20413	0.92
19852	0.95
19649	0.95
20096	0.93
22190	0.85
19501	0.96
20263	0.93
20171	0.93
19130	0.98
20662	0.91
19952	0.94
19227	0.97
19628	0.95
19531	0.96
20016	0.93
19724	0.95
19594	0.95
19778	0.94
19773	0.94
19389	0.96
20236	0.92
19482	0.95
19421	0.96
20391	0.91
19519	0.95
19679	0.94
19035	0.97
19504	0.95
21101	0.88
19772	0.94
19327	0.96
19349	0.96
19561	0.95
20081	0.92
20515	0.90
19370	0.95
19624	0.94
19075	0.97
19614	0.94
20640	0.89
19102	0.97
19300	0.95
22868	0.81
19213	0.96
20067	0.92
19311	0.95
21086	0.87
19197	0.96
18955	0.97
20387	0.90
19125	0.96
19506	0.94
18978	0.97
19663	0.93
19158	0.95
19385	0.94
19522	0.94
19847	0.92
19056	0.96
18970	0.96
19856	0.92
19416	0.94
19099	0.96
18880	0.96
19209	0.95
20358	0.89
18764	0.97
18910	0.96
18984	0.96
19603	0.92
19028	0.95
19064	0.95
19126	0.95
19013	0.95
19014	0.95
19792	0.91
18801	0.96
19300	0.93
20174	0.89
19315	0.93
18766	0.96
18857	0.95
19349	0.93
18719	0.96
19559	0.92
19819	0.90
18542	0.97
18598	0.96
18328	0.98
19403	0.92
19154	0.93
18720	0.95
18348	0.97
19413	0.92
19214	0.92
19014	0.93
19216	0.92
18989	0.93
18634	0.95
19079	0.93
18822	0.94
18915	0.94
18483	0.96
20220	0.87
18251	0.97
18500	0.95
21021	0.84
18244	0.97
18868	0.93
18353	0.96
18371	0.96
18194	0.97
19011	0.93
19580	0.90
19363	0.91
19408	0.90
18887	0.93
18451	0.95
18977	0.92
18126	0.96
18058	0.97
19031	0.92
18337	0.95
19019	0.92
18659	0.93
18484	0.94
19293	0.90
18313	0.95
19512	0.89
19030	0.91
17924	0.97
19766	0.88
18424	0.94
17885	0.97
18571	0.93
18196	0.95
18561	0.93
18334	0.94
18873	0.92
18597	0.93
18055	0.96
17787	0.97
18912	0.91
18299	0.94
18263	0.94
17836	0.96
18922	0.91
18450	0.93
18223	0.94
18925	0.91
17872	0.96
18920	0.91
17788	0.97
18533	0.93
19103	0.90
18189	0.94
18215	0.94
19047	0.90
19952	0.86
18441	0.93
17880	0.96
18532	0.92
17841	0.96
18469	0.92
20104	0.85
18984	0.90
19069	0.89
18094	0.94
18107	0.94
18933	0.90
18440	0.92
18214	0.93
18284	0.93
17482	0.97
17954	0.95
18228	0.93
17551	0.97
17991	0.94
18296	0.93
18932	0.90
18058	0.94
18080	0.94
17342	0.98
18277	0.93
18305	0.93
17581	0.96
18665	0.91
19384	0.87
17893	0.95
17840	0.95
18443	0.92
17922	0.94
17999	0.94
17675	0.96
18131	0.93
18254	0.92
18024	0.93
18139	0.93
17482	0.96
18198	0.92
17934	0.94
17423	0.96
17257	0.97
17421	0.96
18998	0.88
18103	0.93
18227	0.92
17778	0.94
18231	0.92
18205	0.92
17401	0.96
17305	0.96
17656	0.94
17474	0.95
17409	0.96
19621	0.85
17812	0.93
17195	0.97
17163	0.97
17162	0.97
16997	0.97
17220	0.96
16948	0.98
17403	0.95
17707	0.93
19220	0.86
17882	0.92
17445	0.95
17654	0.93
17426	0.94
17332	0.95
17641	0.93
17403	0.94
17597	0.93
17206	0.95
17347	0.95
17329	0.95
17712	0.92
16797	0.97
17428	0.94
17541	0.93
17024	0.96
17365	0.94
17596	0.93
16823	0.97
17435	0.93
17264	0.94
17594	0.92
17202	0.94
17378	0.93
17523	0.92
17615	0.92
16628	0.97
17258	0.94
18910	0.85
17197	0.94
19144	0.84
16810	0.96
16933	0.95
16835	0.95
19193	0.84
17006	0.94
16686	0.96
16933	0.95
17396	0.92
16890	0.95
16932	0.94
16890	0.94
17967	0.89
17759	0.90
17491	0.91
17146	0.93
16916	0.94
17073	0.93
16498	0.96
16612	0.95
16806	0.94
17049	0.93
16977	0.93
16976	0.93
17074	0.92
16931	0.93
16858	0.93
16296	0.97
16194	0.97
17482	0.90
16205	0.97
17189	0.91
17416	0.90
17500	0.90
16268	0.96
16704	0.94
17733	0.88
16764	0.93
17160	0.91
17499	0.89
16586	0.94
16686	0.94
16967	0.92
16803	0.93
16241	0.96
16062	0.97
17342	0.90
16233	0.96
16596	0.94
16216	0.96
16094	0.96
15848	0.98
17260	0.90
15973	0.97
16776	0.92
16550	0.94
16685	0.93
17164	0.90
16314	0.95
16449	0.94
15786	0.98
16240	0.95
16706	0.92
17015	0.91
16520	0.93
15901	0.97
16274	0.94
16445	0.93
16933	0.90
16205	0.94
16282	0.94
16351	0.93
16314	0.93
15987	0.95
16163	0.94
15770	0.96
16403	0.93
15693	0.97
16064	0.94
16654	0.91
16865	0.90
15982	0.95
17220	0.88
17239	0.88
15992	0.95
17316	0.87
15701	0.96
16162	0.94
15765	0.96
16802	0.90
16562	0.91
16708	0.90
17306	0.87
16373	0.92
17180	0.88
16809	0.90
16172	0.93
16250	0.92
16434	0.91
16006	0.94
16415	0.91
15734	0.95
15633	0.96
16805	0.89
16000	0.93
15829	0.94
15725	0.95
15677	0.95
15831	0.94
15680	0.95
15803	0.94
15323	0.97
15738	0.94
15939	0.93
15836	0.94
15815	0.94
15614	0.95
15575	0.95
15665	0.95
15870	0.94
16648	0.89
15877	0.93
16293	0.91
16285	0.91
15917	0.93
15822	0.94
15653	0.94
15997	0.92
15980	0.93
15540	0.95
16228	0.91
16732	0.88
15233	0.97
15632	0.94
15658	0.94
15512	0.95
15310	0.96
15766	0.93
15634	0.94
15527	0.95
15702	0.93
16078	0.91
16058	0.91
15969	0.92
15869	0.92
17187	0.85
15258	0.96
15310	0.95
15444	0.95
16312	0.89
15775	0.93
15554	0.94
15616	0.93
15558	0.94
14944	0.97
16334	0.89
15686	0.93
15358	0.95
15575	0.93
15979	0.91
15230	0.95
15400	0.94
15351	0.94
15170	0.96
15424	0.94
15407	0.94
15659	0.93
15794	0.92
16600	0.87
15720	0.92
15004	0.97
15792	0.92
15260	0.95
15687	0.92
16045	0.90
15267	0.95
15284	0.95
16010	0.90
15514	0.93
15886	0.91
15359	0.94
15741	0.92
15746	0.92
15561	0.93
15687	0.92
15273	0.94
15415	0.93
15848	0.91
15599	0.92
15680	0.92
15259	0.94
14894	0.96
14792	0.97
15475	0.93
15813	0.91
15350	0.93
15258	0.94
15692	0.91
15556	0.92
14776	0.97
15862	0.90
14912	0.96
15114	0.94
15169	0.94
15145	0.94
15389	0.93
14939	0.95
15909	0.89
15684	0.91
14884	0.95
15043	0.94
15303	0.93
16163	0.88
14632	0.97
14958	0.95
16124	0.88
15020	0.94
15377	0.92
15052	0.94
16003	0.88
15903	0.88
15259	0.92
15259	0.92
14889	0.94
15124	0.93
14452	0.97
14645	0.96
14846	0.94
14551	0.96
14771	0.95
14564	0.96
14979	0.93
14854	0.94
14691	0.95
16128	0.87
14726	0.95
14672	0.95
14501	0.96
14938	0.93
15388	0.90
14936	0.93
15640	0.89
14768	0.94
15092	0.92
14484	0.96
14686	0.95
15587	0.89
14441	0.96
14552	0.95
14594	0.95
15021	0.92
14684	0.95
14970	0.93
14521	0.95
14587	0.95
14551	0.95
16008	0.86
15910	0.87
14766	0.94
15199	0.91
14609	0.95
15393	0.90
14211	0.97
14881	0.93
14891	0.93
14165	0.97
14643	0.94
14826	0.93
14965	0.92
14445	0.95
15780	0.87
14596	0.94
14308	0.96
14624	0.94
14586	0.94
14227	0.96
14325	0.96
15337	0.89
15091	0.91
15033	0.91
14499	0.94
14873	0.92
14615	0.94
14996	0.91
16213	0.84
14852	0.92
14425	0.94
15048	0.90
14403	0.94
14155	0.96
14559	0.93
14305	0.95
14241	0.95
15249	0.89
13964	0.97
14481	0.94
15172	0.89
14886	0.91
14780	0.92
15147	0.89
14389	0.94
14954	0.90
14310	0.95
14539	0.93
15249	0.89
14516	0.93
14090	0.96
14757	0.91
14610	0.92
14022	0.96
14371	0.94
15613	0.86
14397	0.93
14117	0.95
14459	0.93
14853	0.90
14186	0.95
14065	0.96
14069	0.95
14233	0.94
14016	0.96
14366	0.93
15214	0.88
15804	0.85
13933	0.96
14100	0.95
13895	0.96
14720	0.91
14565	0.92
14234	0.94
14030	0.95
14006	0.95
14864	0.89
14136	0.94
14780	0.90
15008	0.88
14725	0.90
15107	0.88
13688	0.97
14057	0.94
14025	0.94
13599	0.97
13681	0.96
14856	0.89
13904	0.95
13948	0.95
14327	0.92
13757	0.96
13671	0.96
16008	0.82
14965	0.88
13935	0.94
13928	0.94
13585	0.97
14148	0.93
13820	0.95
14738	0.89
14210	0.92
14095	0.93
13859	0.94
15447	0.85
13541	0.97
14526	0.90
13826	0.94
15767	0.83
13757	0.95
14791	0.88
13671	0.95
13515	0.96
13970	0.93
13666	0.95
14033	0.92
13615	0.95
14249	0.91
13964	0.93
13655	0.95
13703	0.95
15383	0.84
13996	0.93
14648	0.88
13739	0.94
13959	0.92
13545	0.95
13797	0.93
13611	0.95
14681	0.88
13885	0.93
14317	0.90
13806	0.93
13252	0.97
13474	0.96
14045	0.92
13951	0.92
13733	0.94
13633	0.94
13686	0.94
13390	0.96
13526	0.95
14087	0.91
14088	0.91
13248	0.97
13963	0.92
13425	0.95
13330	0.96
14497	0.88
13183	0.97
13399	0.95
13748	0.93
13987	0.91
14234	0.89
13479	0.94
14148	0.90
13646	0.93
13547	0.94
13373	0.95
14058	0.90
13231	0.96
13321	0.95
13903	0.91
14047	0.90
13956	0.91
13181	0.96
13849	0.91
13438	0.94
13718	0.92
13693	0.92
13507	0.94
13702	0.92
13670	0.92
13109	0.96
13150	0.96
13033	0.97
13542	0.93
13235	0.95
13725	0.92
13845	0.91
13434	0.93
13051	0.96
13584	0.92
13115	0.96
13145	0.95
13024	0.96
13840	0.90
13130	0.95
13553	0.92
13518	0.92
13831	0.90
13270	0.94
13191	0.95
12871	0.97
13207	0.94
12975	0.96
13064	0.95
13364	0.93
13377	0.93
14036	0.89
13045	0.95
13597	0.92
13053	0.95
13797	0.90
13066	0.95
13324	0.93
12930	0.96
13872	0.89
12916	0.96
14008	0.88
12891	0.96
13673	0.90
12889	0.96
12746	0.97
13802	0.89
15057	0.82
12963	0.95
13336	0.92
13437	0.92
13043	0.94
12814	0.96
13376	0.92
13123	0.93
13259	0.92
13041	0.94
13654	0.90
12795	0.96
12824	0.95
13503	0.91
12709	0.96
13209	0.93
12757	0.96
13007	0.94
12927	0.95
12886	0.95
14197	0.86
12957	0.94
13256	0.92
12906	0.94
12738	0.96
13402	0.91
13277	0.92
13233	0.92
13238	0.92
13769	0.88
12972	0.94
12899	0.94
13103	0.93
12542	0.97
12903	0.94
12874	0.94
14160	0.86
12999	0.93
13064	0.93
13289	0.91
13150	0.92
12878	0.94
13351	0.91
12966	0.93
13190	0.92
12649	0.96
13593	0.89
12576	0.96
12881	0.94
13033	0.93
12402	0.97
12558	0.96
13382	0.90
12603	0.96
13147	0.92
12887	0.93
13606	0.88
12737	0.94
13323	0.90
13362	0.90
13806	0.87
13010	0.92
13310	0.90
12863	0.93
12542	0.95
12508	0.95
12612	0.95
12628	0.94
13434	0.89
12872	0.93
12480	0.95
12772	0.93
12346	0.96
13256	0.90
12631	0.94
12836	0.93
12662	0.94
13171	0.90
12610	0.94
12673	0.94
13567	0.87
12497	0.95
12663	0.94
12751	0.93
12424	0.95
12565	0.94
12684	0.93
12356	0.96
12461	0.95
12365	0.96
13131	0.90
12329	0.96
12542	0.94
12393	0.95
12438	0.94
12317	0.95
12265	0.96
12395	0.95
12682	0.92
12384	0.95
12820	0.91
12668	0.92
12431	0.94
12601	0.93
12590	0.93
12673	0.92
12268	0.95
12552	0.93
12421	0.94
12236	0.95
13275	0.88
12125	0.96
12078	0.96
12586	0.92
12634	0.92
12390	0.94
12340	0.94
12673	0.91
12335	0.94
12200	0.95
12656	0.91
12169	0.95
12679	0.91
12225	0.95
13118	0.88
12054	0.96
12376	0.93
12054	0.96
11874	0.97
12034	0.96
12461	0.92
12833	0.90
11974	0.96
11923	0.97
12179	0.95
12397	0.93
13411	0.86
11886	0.97
12089	0.95
12948	0.89
12280	0.93
13238	0.87
12310	0.93
12025	0.95
13724	0.83
12056	0.95
12379	0.92
12356	0.92
12194	0.94
11869	0.96
12342	0.92
12567	0.91
12457	0.91
12261	0.93
12402	0.92
11846	0.96
12097	0.94
12172	0.93
12007	0.95
11808	0.96
11773	0.96
12079	0.94
12801	0.88
12106	0.93
12467	0.91
12203	0.93
11815	0.96
12347	0.92
11828	0.96
11801	0.96
11683	0.96
11756	0.96
12086	0.93
11957	0.94
12155	0.93
11974	0.94
12435	0.91
12022	0.94
12005	0.94
11815	0.95
11893	0.95
11653	0.96
11954	0.94
12069	0.93
12112	0.93
11883	0.94
12689	0.88
12041	0.93
12527	0.89
12105	0.92
11863	0.94
12006	0.93
11722	0.95
11842	0.94
12668	0.88
12342	0.90
12073	0.92
12054	0.92
12329	0.90
13072	0.85
12063	0.92
11849	0.94
11944	0.93
11706	0.95
11641	0.95
11539	0.96
11861	0.93
12121	0.91
11956	0.92
11941	0.92
11940	0.92
11630	0.95
11795	0.94
12146	0.91
11306	0.98
12233	0.90
12247	0.90
11747	0.94
12754	0.86
11882	0.93
11800	0.93
11543	0.95
12321	0.89
11360	0.97
12684	0.87
11701	0.94
11776	0.93
11536	0.95
11551	0.95
11678	0.94
11293	0.97
11824	0.93
11365	0.96
12091	0.91
11650	0.94
12100	0.90
12103	0.90
11430	0.96
11530	0.95
12082	0.90
12583	0.87
11346	0.96
12237	0.89
11849	0.92
11666	0.93
11499	0.95
11310	0.96
12013	0.91
11327	0.96
11352	0.96
11344	0.96
11830	0.92
12180	0.89
11388	0.95
11446	0.95
11843	0.91
12107	0.89
11706	0.92
12061	0.90
11304	0.96
11566	0.93
11570	0.93
11397	0.95
11626	0.93
11107	0.97
11160	0.97
11591	0.93
11323	0.95
11367	0.95
12253	0.88
11596	0.93
11209	0.96
11501	0.94
11592	0.93
11119	0.97
11083	0.97
12015	0.89
12212	0.88
11609	0.92
11171	0.96
11237	0.95
11329	0.95
11200	0.96
11277	0.95
11442	0.93
11633	0.92
11132	0.96
11095	0.96
11391	0.94
11680	0.91
11676	0.91
11580	0.92
12123	0.88
11387	0.94
11830	0.90
11637	0.92
11409	0.93
11181	0.95
11250	0.94
11559	0.92
11689	0.91
12169	0.87
11591	0.92
11474	0.93
11324	0.94
11279	0.94
11199	0.95
11580	0.92
11070	0.96
11195	0.95
11342	0.93
11494	0.92
11116	0.95
11299	0.94
10898	0.97
10864	0.97
10995	0.96
11544	0.91
11746	0.90
11842	0.89
11247	0.94
11039	0.95
11202	0.94
12171	0.86
11031	0.95
12260	0.86
10775	0.97
10831	0.97
11135	0.94
11370	0.92
11112	0.94
11154	0.94
11674	0.89
10943	0.95
10984	0.95
10891	0.96
11695	0.89
11054	0.94
11121	0.94
11134	0.94
10858	0.96
10783	0.97
11373	0.92
11442	0.91
11039	0.94
10918	0.95
11799	0.88
11086	0.94
11469	0.91
11106	0.94
11143	0.93
11945	0.87
11355	0.91
11280	0.92
10913	0.95
10960	0.95
11196	0.93
10990	0.94
11602	0.89
10948	0.95
11372	0.91
11042	0.94
10790	0.96
10736	0.96
10964	0.94
11483	0.90
10745	0.96
11330	0.91
11295	0.91
10976	0.94
12063	0.85
11665	0.88
10593	0.97
10822	0.95
11115	0.92
11396	0.90
11688	0.88
10715	0.96
10866	0.94
10587	0.97
10521	0.97
11324	0.90
11454	0.89
11383	0.90
10850	0.94
10658	0.96
10840	0.94
10778	0.95
10595	0.96
11403	0.89
10674	0.95
10924	0.93
10951	0.93
10987	0.93
10833	0.94
11009	0.92
12008	0.85
11598	0.88
10580	0.96
11520	0.88
10869	0.93
10771	0.94
10920	0.93
10893	0.93
10508	0.96
13755	0.73
11155	0.91
10747	0.94
11066	0.91
10446	0.97
10855	0.93
10741	0.94
10718	0.94
11003	0.91
10815	0.93
10953	0.92
10843	0.92
10561	0.95
10695	0.94
10397	0.96
10885	0.92
11449	0.87
10906	0.92
10671	0.94
10756	0.93
10537	0.95
10901	0.91
10352	0.96
10448	0.95
10752	0.93
10524	0.94
10484	0.95
11710	0.85
10739	0.92
10461	0.95
10721	0.92
11316	0.88
10334	0.96
12170	0.81
10178	0.97
10579	0.94
10339	0.96
10322	0.96
10141	0.97
10432	0.95
10803	0.91
10500	0.94
10430	0.94
10677	0.92
10663	0.92
10550	0.93
10303	0.96
10538	0.93
10456	0.94
11014	0.89
11222	0.88
10408	0.94
10446	0.94
10625	0.92
10739	0.91
10571	0.93
10209	0.96
10452	0.94
10163	0.96
10961	0.89
10194	0.96
10594	0.92
10125	0.97
10799	0.90
9976	0.98
10308	0.95
10428	0.93
10330	0.94
11284	0.86
10600	0.92
10317	0.94
10537	0.92
9996	0.97
10698	0.91
10054	0.96
11159	0.87
10622	0.91
10218	0.95
11656	0.83
11038	0.88
10733	0.90
10033	0.96
9993	0.97
10833	0.89
10246	0.94
10148	0.95
10250	0.94
10169	0.95
10342	0.93
10306	0.94
10427	0.92
10356	0.93
10839	0.89
10171	0.95
9896	0.97
10130	0.95
10335	0.93
10205	0.94
10485	0.92
10524	0.91
10104	0.95
10894	0.88
10642	0.90
10193	0.94
10553	0.91
10305	0.93
10215	0.94
10579	0.91
9956	0.96
10090	0.95
10189	0.94
10913	0.87
10403	0.92
11072	0.86
10120	0.94
9896	0.96
10288	0.93
10050	0.95
9956	0.96
10320	0.92
10023	0.95
10002	0.95
10521	0.90
10303	0.92
10204	0.93
10167	0.93
9834	0.96
10041	0.94
10572	0.89
10110	0.94
10722	0.88
10282	0.92
10159	0.93
9845	0.96
10288	0.92
10161	0.93
9886	0.95
10032	0.94
10112	0.93
9691	0.97
10684	0.88
9985	0.94
9933	0.94
9951	0.94
10462	0.90
10273	0.91
10457	0.90
10238	0.91
10001	0.94
9918	0.94
9795	0.96
10244	0.91
9904	0.94
9654	0.97
10324	0.90
10218	0.91
10204	0.91
10275	0.91
10954	0.85
9739	0.96
9986	0.93
9955	0.94
9746	0.96
10196	0.91
9868	0.94
10535	0.88
9821	0.95
9891	0.94
10115	0.92
9986	0.93
9735	0.95
9652	0.96
9857	0.94
9738	0.95
10172	0.91
9832	0.94
9741	0.95
9619	0.96
10641	0.87
9762	0.95
10309	0.90
10113	0.91
9627	0.96
9920	0.93
10006	0.92
10566	0.87
9874	0.93
9928	0.93
9825	0.94
10484	0.88
9972	0.92
9926	0.93
9565	0.96
10006	0.92
9561	0.96
9734	0.94
9977	0.92
9797	0.94
10143	0.91
9553	0.96
9982	0.92
9826	0.93
10041	0.91
9729	0.94
9690	0.95
9755	0.94
10162	0.90
10125	0.90
10394	0.88
9465	0.96
9789	0.93
9508	0.96
9955	0.92
9982	0.91
10283	0.89
9638	0.95
9708	0.94
10004	0.91
9586	0.95
9824	0.93
9493	0.96
10007	0.91
9822	0.92
9285	0.98
9751	0.93
9573	0.95
9622	0.94
10131	0.89
9872	0.92
9902	0.91
9586	0.94
9477	0.95
9457	0.96
9389	0.96
9541	0.95
9670	0.93
9694	0.93
10390	0.87
10143	0.89
9728	0.93
11047	0.82
10095	0.89
9653	0.93
9697	0.93
9678	0.93
9822	0.92
9507	0.95
9758	0.92
9897	0.91
9345	0.96
9605	0.94
9461	0.95
9672	0.93
10689	0.84
9689	0.93
9793	0.92
9302	0.97
9543	0.94
10613	0.85
9758	0.92
9952	0.90
9716	0.92
9821	0.91
9750	0.92
9404	0.95
10029	0.89
9624	0.93
10397	0.86
9721	0.92
9480	0.94
9867	0.90
9573	0.93
9351	0.95
9912	0.90
9163	0.97
9150	0.97
10349	0.86
9596	0.93
10022	0.89
10163	0.87
9684	0.92
9638	0.92
9297	0.95
9665	0.92
9520	0.93
9806	0.90
9758	0.91
9326	0.95
9334	0.94
10187	0.87
9491	0.93
9247	0.95
9106	0.97
9561	0.92
9698	0.91
9298	0.95
9101	0.97
9448	0.93
9628	0.91
9772	0.90
9094	0.96
10941	0.80
9005	0.97
9523	0.92
9570	0.91
9039	0.97
9372	0.93
9664	0.90
9191	0.95
9059	0.96
9206	0.95
9036	0.97
9271	0.94
8988	0.97
9682	0.90
9423	0.93
10560	0.83
9316	0.94
9788	0.89
9274	0.94
9100	0.95
9377	0.93
9267	0.94
9215	0.94
9202	0.94
9639	0.90
9564	0.91
8998	0.96
9220	0.94
9796	0.89
9402	0.92
9480	0.91
9251	0.94
9403	0.92
9267	0.93
9226	0.94
9214	0.94
9219	0.94
9300	0.93
9016	0.96
9118	0.95
8981	0.96
9362	0.92
9010	0.96
9319	0.93
9109	0.95
9327	0.92
9048	0.95
9054	0.95
8924	0.96
8993	0.96
9793	0.88
9561	0.90
9065	0.95
9272	0.92
9101	0.94
9278	0.92
9412	0.91
9288	0.92
9168	0.93
9406	0.91
8968	0.95
9017	0.95
9238	0.92
9459	0.90
8771	0.97
9385	0.91
8994	0.95
9218	0.92
10014	0.85
9449	0.90
9300	0.91
8871	0.96
9169	0.93
9121	0.93
8980	0.95
9274	0.91
9069	0.93
9028	0.94
9155	0.93
9250	0.92
8875	0.95
8866	0.95
9055	0.93
9153	0.92
9628	0.88
9019	0.94
8954	0.94
9852	0.86
8720	0.97
8944	0.94
9181	0.92
8945	0.94
8732	0.97
9345	0.90
9584	0.88
8751	0.96
9337	0.90
9115	0.92
9151	0.92
8928	0.94
9018	0.93
8854	0.95
8965	0.94
10166	0.83
9384	0.90
8643	0.97
9355	0.90
8906	0.94
9087	0.92
10099	0.83
9228	0.91
9033	0.93
9499	0.88
9149	0.92
8980	0.93
8963	0.93
9212	0.91
9230	0.91
9024	0.93
9261	0.90
9260	0.90
8868	0.94
9047	0.92
8956	0.93
9111	0.91
8788	0.95
8969	0.93
8712	0.95
8916	0.93
9136	0.91
8988	0.92
8704	0.95
9119	0.91
9291	0.89
8715	0.95
8826	0.93
8676	0.95
9209	0.89
8948	0.92
9890	0.83
8755	0.94
8866	0.93
9099	0.90
8745	0.94
8879	0.92
8660	0.95
8856	0.93
10568	0.78
8984	0.91
9360	0.88
8570	0.96
8453	0.97
8867	0.92
8662	0.94
8766	0.93
9227	0.89
8596	0.95
8893	0.92
9329	0.87
8461	0.96
9019	0.90
8550	0.95
8650	0.94
9303	0.88
8980	0.91
8882	0.92
8883	0.92
8814	0.92
8757	0.93
8860	0.92
8403	0.97
8787	0.93
8702	0.93
8506	0.95
8632	0.94
8675	0.94
8963	0.90
8519	0.95
8723	0.93
9184	0.88
8790	0.92
9387	0.86
8821	0.92
8851	0.91
8812	0.92
8996	0.90
8606	0.94
8477	0.95
8537	0.94
8491	0.95
8659	0.93
8573	0.94
9060	0.89
9103	0.88
8353	0.96
8943	0.90
8573	0.94
8446	0.95
8814	0.91
9453	0.85
8442	0.95
8648	0.93
8639	0.93
8446	0.95
8333	0.96
8648	0.93
8870	0.90
8397	0.95
8509	0.94
8617	0.93
8633	0.93
8391	0.95
8964	0.89
8571	0.93
8502	0.94
8991	0.89
8542	0.93
8542	0.93
9018	0.88
9121	0.87
9076	0.88
9013	0.88
9019	0.88
8533	0.93
8440	0.94
8563	0.93
8397	0.95
8463	0.94
8381	0.95
8753	0.91
8646	0.92
8388	0.94
8650	0.92
8780	0.90
8092	0.98
8597	0.92
8463	0.93
8367	0.94
8357	0.94
8370	0.94
8842	0.89
8462	0.93
8600	0.92
8835	0.89
8267	0.95
8523	0.92
8628	0.91
8722	0.90
8207	0.96
8275	0.95
8307	0.95
8527	0.92
8475	0.93
8464	0.93
8386	0.94
8729	0.90
8471	0.93
8447	0.93
8630	0.91
8504	0.92
8316	0.94
8405	0.93
8154	0.96
8232	0.95
9584	0.82
8259	0.95
8815	0.89
8671	0.90
8302	0.94
8160	0.96
8416	0.93
8755	0.89
8299	0.94
8285	0.94
8449	0.92
8162	0.95
8895	0.88
8536	0.91
8196	0.95
8498	0.91
8690	0.89
8675	0.89
8300	0.93
8045	0.96
8254	0.94
8335	0.93
8335	0.93
8291	0.93
8441	0.92
8140	0.95
8630	0.90
8278	0.93
8364	0.92
8170	0.95
8209	0.94
8170	0.94
8249	0.93
8298	0.93
8103	0.95
8400	0.92
8023	0.96
9293	0.83
8583	0.90
8324	0.92
8288	0.93
8439	0.91
8030	0.96
8340	0.92
8287	0.93
8010	0.96
8384	0.91
8889	0.86
8162	0.94
8313	0.92
7982	0.96
8652	0.88
7961	0.96
8015	0.95
8176	0.93
8136	0.94
8249	0.93
8255	0.92
8167	0.93
8013	0.95
7996	0.95
8620	0.88
8177	0.93
8393	0.91
8717	0.87
8261	0.92
7889	0.96
8190	0.93
8164	0.93
7936	0.96
7871	0.96
7829	0.97
8075	0.94
8946	0.85
8073	0.94
8164	0.93
8279	0.91
7831	0.97
8847	0.85
8035	0.94
8809	0.86
7789	0.97
8162	0.92
8371	0.90
8029	0.94
7969	0.95
7986	0.94
8117	0.93
8177	0.92
7895	0.95
7762	0.97
8128	0.93
8049	0.93
7778	0.96
8008	0.94
8164	0.92
8454	0.89
7828	0.96
8003	0.93
7973	0.94
8104	0.92
7988	0.94
7871	0.95
8311	0.90
8123	0.92
8415	0.89
8941	0.83
8075	0.92
7863	0.95
7975	0.93
7996	0.93
8256	0.90
9123	0.82
8026	0.93
7961	0.93
8723	0.85
7923	0.94
7949	0.94
8586	0.87
8101	0.92
8204	0.91
8481	0.88
8130	0.91
15773	0.47
8376	0.89
7818	0.95
7921	0.94
8250	0.90
8204	0.90
7879	0.94
7971	0.93
8641	0.86
7746	0.96
7827	0.95
8087	0.91
7847	0.94
8803	0.84
8011	0.92
8005	0.92
8167	0.90
7689	0.96
8468	0.87
8094	0.91
7667	0.96
7973	0.92
7671	0.96
8018	0.92
8485	0.87
8106	0.91
7798	0.94
7934	0.92
7845	0.94
7619	0.96
7796	0.94
7586	0.97
7912	0.93
7813	0.94
8036	0.91
7704	0.95
8099	0.90
7713	0.95
7712	0.95
7734	0.94
7546	0.97
8135	0.90
7960	0.92
7664	0.95
8132	0.90
7659	0.95
7846	0.93
7829	0.93
7550	0.96
7869	0.92
7630	0.95
7798	0.93
7597	0.96
7634	0.95
7776	0.93
7868	0.92
7822	0.93
7986	0.91
7780	0.93
8785	0.83
7500	0.97
7940	0.91
7889	0.92
7978	0.91
8997	0.80
7925	0.91
7666	0.94
8122	0.89
7519	0.96
7646	0.94
7821	0.92
7671	0.94
7863	0.92
7694	0.94
7631	0.94
7775	0.92
7724	0.93
7709	0.93
7762	0.92
7849	0.91
8036	0.89
7618	0.94
7688	0.93
7890	0.91
7556	0.95
7618	0.94
7760	0.92
7717	0.93
7687	0.93
7668	0.93
7589	0.94
7373	0.97
7382	0.97
9217	0.77
7765	0.92
7389	0.97
7438	0.96
8245	0.86
7368	0.97
7571	0.94
7379	0.96
7574	0.94
7916	0.90
7545	0.94
7458	0.95
7704	0.92
8140	0.87
7388	0.96
8223	0.86
7671	0.92
7304	0.97
7495	0.95
7835	0.90
7795	0.91
7692	0.92
7396	0.96
7556	0.94
7477	0.95
7910	0.90
7980	0.89
7753	0.91
7757	0.91
7585	0.93
7625	0.93
7554	0.94
8157	0.87
7518	0.94
7634	0.92
7485	0.94
8081	0.87
7336	0.96
7659	0.92
7810	0.90
7469	0.94
7538	0.93
8320	0.85
7402	0.95
7461	0.94
7861	0.89
7529	0.93
7458	0.94
7875	0.89
7813	0.90
7742	0.91
7898	0.89
7352	0.95
7187	0.97
7605	0.92
7585	0.92
7332	0.95
7347	0.95
7719	0.90
7668	0.91
8039	0.87
7780	0.90
7349	0.95
7425	0.94
8016	0.87
7228	0.96
7525	0.92
7474	0.93
7454	0.93
7510	0.93
7464	0.93
7660	0.91
7243	0.96
8320	0.83
7998	0.87
7324	0.95
7416	0.94
7332	0.95
8123	0.85
7474	0.93
7451	0.93
7347	0.94
7382	0.94
7441	0.93
7336	0.94
7549	0.92
7512	0.92
7171	0.97
7333	0.94
7280	0.95
7226	0.96
7147	0.97
7415	0.93
7294	0.95
7378	0.94
7784	0.89
7264	0.95
7367	0.94
7663	0.90
7593	0.91
7355	0.94
7345	0.94
7675	0.90
7397	0.93
7418	0.93
7187	0.96
7484	0.92
7426	0.92
7189	0.95
7211	0.95
7450	0.92
7351	0.93
7425	0.92
7326	0.93
7264	0.94
7247	0.94
7211	0.95
7096	0.96
7870	0.87
7415	0.92
7541	0.90
7255	0.94
8057	0.85
7442	0.91
7069	0.96
7866	0.86
7482	0.91
7596	0.90
7191	0.94
7512	0.90
7415	0.92
7217	0.94
7431	0.91
7190	0.94
7075	0.96
7152	0.95
7170	0.94
7231	0.94
7770	0.87
7260	0.93
7220	0.94
7332	0.92
7419	0.91
7160	0.94
7063	0.95
7045	0.96
7338	0.92
7132	0.94
7478	0.90
7361	0.91
6955	0.97
7102	0.95
7823	0.86
7277	0.92
7038	0.95
7914	0.85
7008	0.96
7535	0.89
7030	0.95
7399	0.91
7036	0.95
7058	0.95
7070	0.95
7088	0.95
6954	0.96
7229	0.93
7448	0.90
7234	0.93
7673	0.87
7241	0.92
7184	0.93
7039	0.95
7729	0.86
7167	0.93
7294	0.92
6907	0.97
7149	0.93
7094	0.94
7588	0.88
7225	0.92
7574	0.88
7349	0.91
7735	0.86
7216	0.92
7216	0.92
7197	0.93
6936	0.96
6842	0.97
7118	0.93
7219	0.92
6914	0.96
7015	0.95
7103	0.93
6887	0.96
7067	0.94
7005	0.95
6864	0.97
6951	0.95
6966	0.95
7010	0.95
7198	0.92
7261	0.91
7070	0.94
6894	0.96
6932	0.95
7238	0.91
7170	0.92
7316	0.90
7182	0.92
7130	0.93
7126	0.93
7462	0.88
7274	0.91
7319	0.90
6952	0.95
7388	0.89
7563	0.87
7461	0.88
7204	0.91
7101	0.93
6811	0.96
7213	0.91
7276	0.90
6955	0.94
6945	0.94
6939	0.95
7290	0.90
6933	0.95
7064	0.93
7027	0.93
7274	0.90
7193	0.91
6974	0.94
6955	0.94
6896	0.95
7154	0.91
6823	0.96
7585	0.86
7049	0.93
7071	0.92
6815	0.96
7026	0.93
7487	0.87
6931	0.94
7120	0.92
6946	0.94
7000	0.93
7053	0.92
6875	0.95
7352	0.88
7222	0.90
7000	0.93
7139	0.91
7452	0.87
6896	0.94
6879	0.94
6920	0.94
6765	0.96
7090	0.92
7006	0.93
6914	0.94
7088	0.91
7128	0.91
7115	0.91
6972	0.93
8605	0.75
6976	0.93
6836	0.95
7195	0.90
7134	0.90
7175	0.90
6865	0.94
7372	0.87
6978	0.92
6781	0.95
6856	0.94
6877	0.94
7087	0.91
6730	0.96
6939	0.93
6724	0.96
6716	0.96
6896	0.93
7008	0.92
7113	0.90
6786	0.95
6891	0.93
6787	0.95
6688	0.96
7013	0.92
6630	0.97
6671	0.96
6803	0.94
7076	0.91
6868	0.94
6829	0.94
6730	0.95
6929	0.93
7165	0.90
6896	0.93
6857	0.93
6800	0.94
6698	0.96
7069	0.91
6986	0.92
6964	0.92
6763	0.95
6886	0.93
6705	0.95
6951	0.92
7122	0.90
6912	0.92
6866	0.93
6686	0.95
6730	0.95
6660	0.96
6747	0.94
7052	0.90
6947	0.92
6776	0.94
6928	0.92
6696	0.95
6694	0.95
6879	0.92
6990	0.91
6932	0.91
6910	0.92
7220	0.88
6759	0.94
6880	0.92
7044	0.90
7487	0.84
6636	0.95
6665	0.95
7227	0.87
6995	0.90
6695	0.94
6580	0.96
6743	0.93
6742	0.93
6944	0.91
6806	0.93
6689	0.94
6604	0.95
7059	0.89
6658	0.95
6822	0.92
6773	0.93
6712	0.94
6808	0.92
6867	0.91
6584	0.95
6690	0.94
6833	0.92
6713	0.93
6693	0.94
6972	0.97
6642	0.94
6509	0.96
6680	0.94
6954	0.90
6613	0.95
6591	0.95
6460	0.97
6942	0.90
7497	0.83
6462	0.97
6929	0.90
6648	0.94
6604	0.94
6611	0.94
6492	0.96
6584	0.95
6696	0.93
6697	0.93
7041	0.88
7138	0.87
6641	0.94
6565	0.95
7073	0.88
7015	0.89
6672	0.93
6658	0.93
6922	0.90
6591	0.94
6484	0.96
6722	0.92
6606	0.94
6718	0.92
6644	0.93
7084	0.87
6800	0.91
6422	0.96
6768	0.91
6585	0.94
6658	0.93
7251	0.85
6570	0.94
6650	0.93
6554	0.94
6785	0.91
7029	0.88
6741	0.91
6517	0.95
6443	0.96
6643	0.93
6503	0.95
6847	0.90
6423	0.96
6886	0.89
6558	0.94
6606	0.93
6703	0.92
7004	0.88
6538	0.94
6500	0.94
6512	0.94
6775	0.90
6525	0.94
6474	0.94
6977	0.88
6720	0.91
6513	0.94
6380	0.96
6754	0.90
6624	0.92
6497	0.94
6541	0.93
6296	0.97
6384	0.96
6540	0.93
6529	0.93
6418	0.95
6426	0.95
6486	0.94
6358	0.96
6412	0.95
6391	0.95
6621	0.92
6436	0.94
6631	0.91
6726	0.90
6394	0.95
6677	0.91
6349	0.95
6718	0.90
6772	0.89
6838	0.88
6403	0.94
6198	0.97
6651	0.91
7242	0.83
6755	0.89
6543	0.92
6541	0.92
6293	0.96
6662	0.90
6621	0.91
6473	0.93
6319	0.95
6276	0.96
6486	0.93
6495	0.93
6476	0.93
6690	0.90
6761	0.89
6531	0.92
6889	0.87
6327	0.95
6418	0.93
6490	0.92
6357	0.94
6532	0.92
6339	0.94
6473	0.92
6621	0.90
6382	0.94
6461	0.92
6288	0.95
6297	0.95
6360	0.94
6484	0.92
6338	0.94
6601	0.90
6401	0.93
6303	0.95
6345	0.94
6577	0.91
6353	0.94
6276	0.95
6267	0.95
6209	0.96
6720	0.88
6492	0.91
7053	0.84
6911	0.86
6166	0.96
6307	0.94
6185	0.96
6231	0.95
6138	0.96
6660	0.89
6576	0.90
6346	0.93
6665	0.89
6665	0.89
6320	0.94
6177	0.96
6478	0.91
6793	0.87
6333	0.93
6560	0.90
6143	0.96
6268	0.94
6561	0.90
6086	0.97
6176	0.95
6321	0.93
6331	0.93
6334	0.93
6312	0.93
6387	0.92
6411	0.92
6261	0.94
6377	0.92
6439	0.91
7519	0.78
6278	0.93
6356	0.92
6928	0.84
6736	0.87
6328	0.92
6234	0.94
6076	0.96
6572	0.89
6468	0.90
6250	0.93
6250	0.93
6529	0.89
6117	0.95
6313	0.92
6727	0.86
6103	0.95
6671	0.87
6159	0.94
6342	0.92
6670	0.87
6175	0.94
6157	0.94
6255	0.93
6153	0.94
6454	0.90
6236	0.93
6180	0.94
6038	0.96
6828	0.85
6092	0.95
6284	0.92
6659	0.87
6439	0.90
6261	0.92
6452	0.89
5959	0.97
6340	0.91
6286	0.92
6044	0.95
6317	0.91
6141	0.94
6251	0.92
6273	0.92
6097	0.94
6088	0.95
6239	0.92
6300	0.91
6238	0.92
6157	0.93
6199	0.93
6227	0.92
6186	0.93
5962	0.96
6954	0.82
6607	0.87
6423	0.89
6130	0.93
6040	0.95
6312	0.91
6039	0.95
6161	0.93
6266	0.91
5951	0.96
6157	0.93
5909	0.97
6634	0.86
6067	0.94
6149	0.93
6066	0.94
6647	0.86
5887	0.97
6067	0.94
6191	0.92
6203	0.92
6394	0.89
6144	0.93
6075	0.94
5980	0.95
6028	0.94
6087	0.93
6007	0.95
5985	0.95
6232	0.91
6117	0.93
6176	0.92
6071	0.94
5974	0.95
6207	0.91
6035	0.94
5949	0.95
5871	0.97
6054	0.94
6303	0.90
5810	0.97
6149	0.92
7014	0.81
6061	0.93
6205	0.91
6427	0.88
5997	0.94
5809	0.97
5893	0.96
5992	0.94
5935	0.95
6042	0.93
6031	0.93
6086	0.92
5945	0.95
6102	0.92
5818	0.97
6194	0.91
5760	0.98
6236	0.90
5954	0.94
6247	0.90
5952	0.94
6089	0.92
6005	0.93
5998	0.93
6071	0.92
6000	0.93
6171	0.91
5903	0.95
6013	0.93
6038	0.93
5892	0.95
5911	0.94
6161	0.91
5769	0.97
5948	0.94
6030	0.92
6038	0.92
6463	0.86
6027	0.92
5860	0.95
6332	0.88
5884	0.95
5793	0.96
6237	0.89
5960	0.93
5868	0.95
5819	0.96
6023	0.92
5797	0.96
5874	0.95
6210	0.90
6095	0.91
5947	0.93
5909	0.94
5965	0.93
6210	0.89
5882	0.94
5882	0.94
5779	0.96
6271	0.88
6109	0.91
5867	0.94
6101	0.91
6129	0.90
6327	0.87
5890	0.94
6011	0.92
6082	0.91
6239	0.89
6258	0.88
5681	0.97
5740	0.96
6275	0.88
6294	0.88
5826	0.95
5968	0.92
5911	0.93
5782	0.95
5826	0.95
6443	0.86
5850	0.94
5798	0.95
5997	0.92
6414	0.86
5908	0.93
6024	0.91
5806	0.95
6228	0.88
5811	0.95
5952	0.92
5802	0.95
6269	0.88
6230	0.88
5994	0.92
5722	0.96
5936	0.92
5859	0.94
5897	0.93
6005	0.91
5801	0.95
5879	0.93
5957	0.92
5933	0.92
6052	0.90
5709	0.96
5938	0.92
5791	0.94
5814	0.94
5884	0.93
5859	0.93
6379	0.86
5963	0.92
5698	0.96
5696	0.96
5727	0.95
5921	0.92
6164	0.88
5676	0.96
5761	0.95
5938	0.92
5898	0.92
5735	0.95
5950	0.91
5735	0.95
5781	0.94
5925	0.92
5690	0.96
5641	0.96
5701	0.95
5812	0.93
5728	0.95
5981	0.91
5744	0.94
5765	0.94
5986	0.91
5716	0.95
5781	0.94
6111	0.89
5953	0.91
5762	0.94
5773	0.94
5978	0.91
6111	0.89
5845	0.93
5859	0.92
6050	0.89
5858	0.92
6212	0.87
5880	0.92
5679	0.95
5563	0.97
6021	0.90
5755	0.94
6445	0.84
5968	0.90
6155	0.87
5682	0.95
5617	0.96
5925	0.91
5942	0.91
5795	0.93
5730	0.94
5622	0.96
5619	0.96
5941	0.90
5674	0.95
5828	0.92
5640	0.95
6031	0.89
5852	0.92
5727	0.94
5650	0.95
5558	0.96
5656	0.95
5873	0.91
5674	0.94
5632	0.95
6062	0.88
5919	0.90
5720	0.93
5670	0.94
5797	0.92
5543	0.96
5682	0.94
5506	0.97
5809	0.92
5591	0.95
5720	0.93
5693	0.94
6067	0.88
5798	0.92
5653	0.94
6439	0.83
5915	0.90
5964	0.89
5660	0.94
6179	0.86
5676	0.94
5847	0.91
6040	0.88
5662	0.94
5630	0.94
5635	0.94
6215	0.85
6215	0.85
5684	0.93
6023	0.88
5531	0.96
5664	0.93
5821	0.91
5931	0.89
6340	0.83
5744	0.92
5881	0.90
5665	0.93
5731	0.92
5968	0.89
6386	0.83
5535	0.95
5557	0.95
5678	0.93
5420	0.97
5576	0.95
6005	0.88
6401	0.82
6215	0.85
5532	0.95
5716	0.92
5791	0.91
5642	0.93
5973	0.88
5826	0.90
5451	0.97
5616	0.94
5720	0.92
5567	0.95
5695	0.92
5622	0.94
5639	0.93
5773	0.91
5690	0.92
5698	0.92
5757	0.91
5558	0.95
5621	0.93
5674	0.93
5484	0.96
5855	0.90
5464	0.96
5532	0.95
5662	0.93
5633	0.93
5681	0.92
5491	0.95
5609	0.93
5788	0.90
5644	0.93
5677	0.92
5647	0.93
5814	0.90
5723	0.91
5712	0.92
5585	0.94
5659	0.92
5468	0.96
5758	0.91
5460	0.96
5504	0.95
6255	0.84
5538	0.94
5492	0.95
5695	0.92
5444	0.96
5841	0.89
5584	0.93
5882	0.89
5388	0.97
5485	0.95
5479	0.95
5516	0.94
5790	0.90
5718	0.91
5578	0.93
5587	0.93
5676	0.91
5627	0.92
6472	0.80
5678	0.91
5482	0.95
6160	0.84
5412	0.96
5670	0.91
5520	0.94
5529	0.94
5882	0.88
5490	0.94
5517	0.94
5622	0.92
5944	0.87
5465	0.95
6103	0.85
5597	0.92
5675	0.91
5505	0.94
5452	0.95
5593	0.92
5619	0.92
5507	0.94
5442	0.95
5497	0.94
5350	0.96
5543	0.93
5472	0.94
5604	0.92
5669	0.91
5349	0.96
5773	0.89
5953	0.86
5621	0.91
5596	0.92
5452	0.94
5337	0.96
5742	0.89
5600	0.91
5336	0.96
5317	0.96
5577	0.92
5481	0.93
5708	0.89
5629	0.91
5806	0.88
5691	0.90
5420	0.94
5719	0.89
5942	0.86
5321	0.96
5467	0.93
5451	0.93
5322	0.96
5435	0.94
5709	0.89
5490	0.93
5558	0.92
5486	0.93
5324	0.95
5777	0.88
5785	0.88
5731	0.89
5627	0.90
5331	0.95
5536	0.92
5352	0.95
5415	0.94
5410	0.94
5456	0.93
5513	0.92
5755	0.88
5459	0.93
5232	0.97
5222	0.97
5458	0.93
5271	0.96
5347	0.94
5350	0.94
5609	0.90
5359	0.94
5334	0.95
5755	0.88
5389	0.94
5434	0.93
5339	0.94
5337	0.94
5503	0.91
5258	0.96
5309	0.95
5497	0.91
5528	0.91
5522	0.91
5483	0.92
5407	0.93
5305	0.95
5167	0.97
5466	0.92
5193	0.97
5400	0.93
5575	0.90
5371	0.93
5504	0.91
5177	0.97
5509	0.91
5419	0.92
5243	0.95
5331	0.94
5344	0.94
5488	0.91
5849	0.85
5441	0.92
5247	0.95
5340	0.93
5458	0.91
5332	0.93
5162	0.96
5417	0.92
5181	0.96
5212	0.95
5313	0.94
5373	0.93
5429	0.92
5490	0.91
5309	0.94
5269	0.94
5321	0.93
5289	0.94
5462	0.91
5297	0.94
5684	0.87
5216	0.95
5204	0.95
5166	0.96
5125	0.97
5276	0.94
5192	0.95
5200	0.95
5196	0.95
5401	0.91
5241	0.94
5207	0.95
5170	0.96
5207	0.95
5357	0.92
5269	0.94
5308	0.93
5367	0.92
5361	0.92
5383	0.92
5683	0.87
5265	0.94
5256	0.94
5278	0.93
5648	0.87
5288	0.93
5240	0.94
5291	0.93
5137	0.96
5218	0.94
5279	0.93
5128	0.96
5233	0.94
5263	0.93
5318	0.92
5209	0.94
5328	0.92
5459	0.90
5157	0.95
5531	0.88
5066	0.97
5287	0.93
5327	0.92
5187	0.94
5211	0.94
5239	0.93
5362	0.91
5093	0.96
5403	0.90
5499	0.89
5205	0.94
5519	0.88
5221	0.93
5903	0.83
5041	0.97
5087	0.96
5305	0.92
5392	0.90
5547	0.88
5190	0.94
5132	0.95
5445	0.89
5085	0.96
5324	0.91
5085	0.96
5312	0.92
5455	0.89
5372	0.90
5184	0.94
5138	0.95
5279	0.92
5409	0.90
4976	0.97
5210	0.93
5027	0.96
5227	0.93
5071	0.96
5154	0.94
5214	0.93
5036	0.96
5012	0.97
5156	0.94
5024	0.96
5063	0.96
5233	0.92
5275	0.92
5479	0.88
5074	0.95
5063	0.95
5210	0.93
5344	0.90
5060	0.95
5136	0.94
5183	0.93
5461	0.88
5313	0.91
4990	0.97
5132	0.94
5377	0.90
5048	0.95
5753	0.84
5055	0.95
5035	0.96
5208	0.92
5880	0.82
5082	0.95
5186	0.93
5159	0.93
5022	0.96
5117	0.94
5079	0.95
5125	0.94
5471	0.88
5297	0.91
5152	0.93
5089	0.94
5085	0.94
5076	0.95
5130	0.94
5203	0.92
5426	0.88
5602	0.86
5035	0.95
5541	0.86
5229	0.91
5061	0.94
5081	0.94
5379	0.89
5084	0.94
4933	0.97
5083	0.94
5350	0.89
5130	0.93
5226	0.91
5061	0.94
5106	0.93
5116	0.93
5117	0.93
5148	0.93
5125	0.93
4987	0.95
5112	0.93
5006	0.95
5352	0.89
5096	0.93
5186	0.92
5211	0.91
5613	0.85
5015	0.95
5159	0.92
4995	0.95
5009	0.95
5200	0.91
5169	0.92
5042	0.94
4991	0.95
5293	0.90
5458	0.87
5486	0.86
5076	0.93
5080	0.93
4972	0.95
5038	0.94
5015	0.94
5150	0.92
5269	0.90
5156	0.92
5000	0.95
5157	0.92
4970	0.95
5056	0.93
5339	0.89
5051	0.94
5148	0.92
4991	0.95
5110	0.92
5083	0.93
5047	0.94
5126	0.92
4877	0.97
5154	0.92
5178	0.91
5011	0.94
5186	0.91
5185	0.91
4922	0.96
4938	0.95
5304	0.89
5438	0.87
5010	0.94
4875	0.97
5113	0.92
5020	0.94
4923	0.96
5031	0.94
5118	0.92
5097	0.92
5339	0.88
4896	0.96
5104	0.92
5286	0.89
5065	0.93
5467	0.86
5028	0.93
5315	0.88
4935	0.95
5109	0.92
5154	0.91
5063	0.93
5040	0.93
5261	0.89
4990	0.94
5312	0.88
5094	0.92
5025	0.93
4972	0.94
5079	0.92